"Table 5: All Claimants and those aged 16 to 24 by Local Authority, August 2017 to 2022 (non-seasonally adjusted)",,,,,,,,,,,,
Back to Contents,,,,,,,,,,,,
This worksheet contains one table with brief notes beneath. The Guidance worksheet contains further information on interpretation.,,,,,,,,,,,,
Source: ,,,,,,,,,,,,
"DWP Stat-Xplore, Alternative Claimant Count",,,,,,,,,,,,
,All ages,,,,,,Ages 16 to 24,,,,,
Local Authority,Aug-17,Aug-18,Aug-19,Aug-20,Aug-21,Aug-22, Aug-17, Aug-18, Aug-19, Aug-20, Aug-21, Aug-22
United Kingdom,1269184,1254570,1280856,2749220,2085002,1430877,192929,186673,209188,515038,352175,229308
County Durham,12727,13309,12863,21593,15049,9893,2441,2602,2653,4722,2887,1937
Darlington,3129,3081,3094,4587,3678,2544,601,583,630,909,730,471
Hartlepool,3867,3936,3281,5160,3590,2529,777,872,687,1104,738,546
Middlesbrough,5982,5626,5739,9258,7319,4989,1087,866,1027,1789,1266,880
Northumberland,6640,6585,6285,11357,8096,5604,1220,1148,1196,2353,1531,979
Redcar and Cleveland,4356,3866,3736,6216,4419,3088,867,672,692,1270,787,561
Stockton-on-Tees,5525,5344,5327,8808,6501,4694,1068,967,1047,1845,1267,882
Gateshead,5198,5455,5577,9899,7419,5035,896,912,1041,1975,1340,920
Newcastle upon Tyne,8086,8451,8590,15598,12088,7896,1351,1402,1475,2964,2010,1383
North Tyneside,4480,4580,4660,8240,5913,3950,726,777,942,1604,1088,710
South Tyneside,5242,5351,5380,8601,6611,4568,911,856,1000,1634,1155,793
Sunderland,8354,8369,8783,14345,10613,7390,1456,1400,1700,2962,1996,1377
Blackburn with Darwen,4361,4549,4583,7789,6508,4502,675,702,761,1578,1231,853
Blackpool,5116,4949,5323,10268,7287,5123,694,630,782,1788,1212,888
Cheshire East,4137,4547,4435,10975,7565,5118,584,669,672,2040,1267,807
Cheshire West and Chester,4575,5086,4994,11387,7740,5294,753,907,950,2240,1332,905
Halton,2944,3157,2962,5702,4118,2988,575,609,610,1192,874,653
Warrington,3183,3328,3106,6817,5057,3088,542,539,491,1260,885,482
Allerdale,1714,1762,1552,2778,2043,1235,317,315,275,550,355,215
Barrow-in-Furness,1454,1350,1319,2150,1630,1175,286,279,281,507,337,258
Carlisle,1504,1545,1572,3505,2638,1664,244,251,284,662,431,238
Copeland,1280,1340,1205,2039,1428,920,231,238,234,371,279,150
Eden,424,448,463,1235,765,550,57,43,60,203,120,65
South Lakeland,684,618,641,2291,1321,857,68,75,75,364,203,125
Bolton,8483,8525,8741,15913,12898,9505,1357,1316,1454,3007,2211,1552
Bury,4029,4023,4190,8474,6509,4618,675,611,733,1663,1260,868
Manchester,16003,16588,17853,35668,29082,20846,2270,2438,2920,6849,5117,3696
Oldham,6480,6973,7243,14031,11926,8381,1087,1329,1349,2989,2428,1648
Rochdale,6158,5928,6445,12270,10280,7522,938,897,1140,2345,1873,1197
Salford,6703,6750,7074,14445,11491,8022,1036,964,1252,2745,1962,1336
Stockport,4775,4589,4899,10847,8013,5529,761,625,741,1973,1486,913
Tameside,5561,5600,5543,11370,8515,5965,952,952,1018,2321,1542,1020
Trafford,3679,3662,3683,7984,6013,4130,461,545,593,1506,1081,626
Wigan,7357,7236,7477,14449,10274,7266,1244,1180,1355,2773,1821,1220
Burnley,2633,2887,2769,4871,3972,2623,476,575,543,990,756,529
Chorley,1673,1591,1515,3435,2367,1703,297,260,244,646,420,295
Fylde,1041,931,1008,2624,1685,1242,143,94,124,467,273,178
Hyndburn,2000,2176,2270,4105,3161,2453,366,402,410,865,603,479
Lancaster,2517,2583,2607,5016,3596,2358,449,478,438,995,707,455
Pendle,1968,1990,2109,4208,3612,2571,274,258,302,719,540,383
Preston,3243,3329,3500,6478,5159,3948,499,465,527,1237,941,694
Ribble Valley,381,394,444,1230,819,562,55,59,60,243,116,79
Rossendale,1416,1426,1504,3041,2270,1579,240,235,285,607,453,294
South Ribble,1421,1355,1278,2993,1972,1462,257,227,230,605,362,294
West Lancashire,1824,1867,1758,3794,2761,1960,305,314,306,787,501,362
Wyre,1701,1504,1600,3872,2634,1780,245,188,242,774,456,322
Knowsley,4375,4238,4070,8069,6258,4076,766,693,777,1681,1258,778
Liverpool,15609,14985,15259,29843,23997,16869,2414,2131,2402,5477,4084,2859
Sefton,5765,5846,5916,11643,8790,5920,935,951,1030,2274,1559,971
St. Helens,4208,4208,4146,7805,5909,4308,752,698,774,1668,1187,897
Wirral,6175,6591,6774,12834,9547,6500,1069,1156,1369,2683,1901,1293
East Riding of Yorkshire,4662,4616,4663,9606,6272,4311,753,692,819,1827,1090,692
"Kingston upon Hull, City of",9825,9614,10187,17031,12870,9398,1734,1490,1796,3302,2005,1508
North East Lincolnshire,4896,4889,4226,7075,4667,3580,969,976,855,1443,782,679
North Lincolnshire,3572,3650,3663,6401,4494,3230,573,680,683,1290,819,530
York,1826,1882,1744,5056,3254,1938,274,311,282,1079,588,329
Craven,487,474,444,1276,711,464,63,66,57,244,104,65
Hambleton,826,877,741,1810,1195,729,142,117,107,366,184,98
Harrogate,1381,1451,1349,3789,2301,1481,187,203,188,694,370,196
Richmondshire,470,466,458,1073,701,405,88,85,94,248,162,88
Ryedale,551,510,505,1228,767,500,82,61,68,226,79,49
Scarborough,1750,1666,1651,3895,2356,1572,234,238,251,741,390,256
Selby,1046,994,908,2201,1494,1124,183,145,152,417,257,177
Barnsley,5872,5922,5377,9723,7280,4732,1003,1013,982,2096,1374,841
Doncaster,7799,7703,7359,14508,11353,7653,1447,1365,1384,3004,2069,1354
Rotherham,6725,6276,6046,12002,9762,6388,1211,976,1078,2508,1781,1184
Sheffield,14556,13398,12534,24506,20316,13687,2432,2067,1993,4907,3545,2431
Bradford,14776,15323,16351,31944,27379,20416,2332,2362,2965,6665,5447,3865
Calderdale,4511,4795,4585,9079,6903,4606,699,791,808,1885,1362,926
Kirklees,9687,9940,9638,18843,15106,10669,1570,1690,1743,3770,2784,1885
Leeds,17881,17453,17879,36850,29506,20555,2811,2541,2964,7529,5430,3785
Wakefield,7403,7209,6751,13493,10100,6953,1147,1047,1115,2686,1920,1285
Derby,5008,5389,5837,12293,10100,6979,740,779,1013,2525,1848,1326
Leicester,8983,8873,9246,18828,14654,10468,1129,1095,1342,3456,2553,1850
North Northamptonshire,5378,5502,5614,12612,8588,5819,872,851,972,2310,1440,995
Nottingham,11166,10782,10808,18546,15542,11183,1838,1642,1858,3578,2770,1879
Rutland,303,290,288,818,551,310,47,39,36,140,62,35
West Northamptonshire,5844,5839,6055,14824,10851,7642,783,746,901,2656,1683,1191
Amber Valley,1685,1720,1764,3857,2588,1779,299,292,326,768,461,296
Bolsover,1401,1340,1322,2634,1904,1339,246,219,244,534,329,241
Chesterfield,2122,2048,2026,3841,2867,1897,445,410,429,844,550,426
Derbyshire Dales,532,560,619,1543,959,651,59,58,87,315,124,69
Erewash,1958,2098,2005,4043,2774,1920,368,389,406,874,523,339
High Peak,1102,1164,1130,2772,1818,1252,167,157,182,525,297,224
North East Derbyshire,1459,1420,1375,2816,2035,1357,227,218,241,526,356,218
South Derbyshire,959,1036,1145,2857,1947,1286,179,165,173,546,319,216
Blaby,831,834,925,2728,1707,1066,115,127,159,561,315,182
Charnwood,1788,1810,2024,4887,3263,2187,263,255,358,994,617,425
Harborough,575,645,700,2166,1235,858,78,86,99,410,197,111
Hinckley and Bosworth,1167,1258,1400,3140,2158,1427,174,220,235,602,360,225
Melton,606,692,609,1322,921,638,113,128,100,243,140,106
North West Leicestershire,1034,1072,1108,2810,1788,1145,136,169,179,552,316,167
Oadby and Wigston,576,543,574,1679,1178,744,72,91,83,303,217,120
Boston,1178,1145,1196,2680,2307,1599,215,187,232,511,350,234
East Lindsey,2676,2722,2727,5388,3283,2024,381,410,427,954,518,303
Lincoln,2493,2429,2577,4567,3544,2488,447,458,481,977,614,489
North Kesteven,1193,1120,1216,2854,1979,1239,240,198,257,642,402,202
South Holland,1285,1202,1251,2936,2237,1394,225,179,210,568,397,200
South Kesteven,1859,1981,2018,4471,3064,1994,304,347,378,897,528,354
West Lindsey,1722,1824,1834,3109,2250,1630,338,347,356,593,372,274
Ashfield,2645,2468,2592,5064,3761,2681,480,402,457,1003,694,495
Bassetlaw,1861,1876,1902,3804,2597,1841,312,325,386,818,479,332
Broxtowe,1710,1575,1588,3450,2429,1623,301,267,272,682,467,298
Gedling,1807,1698,1856,3910,2686,1897,309,271,340,823,494,332
Mansfield,2433,2147,2202,4513,3354,2405,443,343,404,930,626,436
Newark and Sherwood,1740,1592,1702,3789,2649,1938,310,251,289,780,450,351
Rushcliffe,1027,946,1066,2532,1732,1162,156,93,160,497,305,166
"Herefordshire, County of",2231,2159,2236,5186,3535,2436,295,274,346,957,543,318
Shropshire,3652,3811,4052,9253,6243,4243,555,585,667,1770,998,616
Stoke-on-Trent,6696,6902,7332,13410,11133,7635,1085,1078,1214,2545,1875,1365
Telford and Wrekin,3509,3417,3465,7372,5231,3740,680,586,650,1559,1111,748
Cannock Chase,1435,1441,1494,3737,2547,1777,232,213,298,773,487,361
East Staffordshire,1572,1622,1760,4029,3148,1977,219,209,254,721,499,294
Lichfield,951,982,1111,3026,1979,1352,136,159,194,598,328,252
Newcastle-under-Lyme,1780,1826,2022,4116,2867,1901,313,311,378,878,529,357
South Staffordshire,1321,1369,1381,3148,2314,1587,208,199,214,648,411,295
Stafford,1318,1368,1476,3719,2512,1760,182,192,224,651,399,307
Staffordshire Moorlands,977,934,947,2312,1543,952,132,118,145,416,248,132
Tamworth,943,1177,1296,2944,2134,1464,134,202,250,619,473,302
North Warwickshire,789,782,788,2131,1425,918,128,118,129,420,260,164
Nuneaton and Bedworth,2481,2709,2656,5461,4076,2815,356,440,439,1062,753,515
Rugby,1348,1437,1409,3160,2362,1833,206,207,207,563,399,269
Stratford-on-Avon,989,1045,1034,3171,2192,1511,99,103,114,540,297,183
Warwick,1237,1288,1427,3784,2647,1867,134,139,181,718,445,264
Birmingham,46648,47713,50207,83994,73882,56823,7039,7401,8350,16083,13353,9990
Coventry,7440,7486,8087,16760,14420,11726,999,1023,1336,3134,2413,1910
Dudley,8536,8440,8434,14893,11644,8366,1467,1470,1604,3067,2202,1457
Sandwell,11368,11266,11071,19944,16535,12407,1721,1642,1746,3745,3000,2195
Solihull,3515,3516,3612,7522,5870,3794,646,651,715,1623,1169,685
Walsall,8380,8237,8725,15799,12420,9026,1417,1309,1641,3268,2449,1703
Wolverhampton,10081,10158,10520,17658,14653,10970,1696,1646,1796,3276,2597,1890
Bromsgrove,1057,1142,1151,2736,2046,1389,187,170,192,524,376,240
Malvern Hills,867,890,902,2256,1506,1077,153,151,147,420,256,170
Redditch,1531,1563,1541,3302,2432,1823,224,272,303,619,425,313
Worcester,1698,1786,1787,3892,2948,2077,283,256,296,751,508,343
Wychavon,1288,1357,1332,3616,2544,1829,188,194,203,737,415,307
Wyre Forest,1535,1621,1543,3585,2480,1722,220,215,263,681,419,291
Bedford,3377,3538,3610,7498,5915,4240,412,529,552,1279,905,575
Central Bedfordshire,2775,2723,2850,8239,5837,3915,328,286,375,1513,989,557
Luton,5240,4978,5296,12333,11037,7540,577,468,626,1985,1731,1047
Peterborough,3722,4300,4515,9919,8442,5676,574,697,798,1916,1478,993
Southend-on-Sea,3870,3934,4158,8975,6792,4492,566,613,679,1669,1184,674
Thurrock,3491,3331,3737,8119,6233,4243,450,453,587,1404,1024,653
Cambridge,1314,1335,1436,3721,2859,1929,149,140,209,690,442,245
East Cambridgeshire,657,726,754,2003,1365,942,74,99,112,342,227,135
Fenland,1503,1563,1677,3686,2860,1959,256,260,316,726,511,362
Huntingdonshire,1488,1552,1670,4619,2938,2003,230,214,286,816,495,319
South Cambridgeshire,1086,1061,1097,3464,2485,1707,110,79,108,582,386,192
Basildon,3378,3331,3601,8306,5969,4079,532,556,629,1520,1096,708
Braintree,1792,1798,1937,5075,3617,2335,220,262,305,903,545,319
Brentwood,773,764,812,2455,1796,1086,114,109,116,413,295,161
Castle Point,1112,992,1045,3136,1927,1146,177,135,179,606,349,170
Chelmsford,2021,1929,2083,5510,3852,2598,284,239,293,974,604,342
Colchester,2572,2483,2726,6612,4875,3190,382,358,442,1278,848,543
Epping Forest,1740,1629,1641,5042,3428,2130,183,159,196,922,570,284
Harlow,1693,1914,1943,4569,3419,2383,209,255,260,779,544,344
Maldon,679,650,667,1999,1415,911,101,78,100,388,233,117
Rochford,852,807,882,2469,1655,1049,115,107,151,502,338,172
Tendring,3260,3188,3456,6743,4744,3215,547,520,576,1361,911,592
Uttlesford,590,641,689,2286,1630,981,50,60,69,410,202,91
Broxbourne,1349,1462,1516,4112,2949,1825,161,172,196,706,437,218
Dacorum,2038,1765,1727,5115,3857,2358,245,199,248,947,551,346
East Hertfordshire,1230,1148,1267,3978,2727,1695,136,109,147,733,440,202
Hertsmere,1400,1316,1440,3737,2759,1868,129,138,187,688,446,253
North Hertfordshire,1562,1400,1433,3839,2575,1645,211,171,193,704,442,239
St Albans,1483,1450,1469,3854,2757,1773,171,182,183,624,403,227
Stevenage,1464,1468,1500,3482,2879,1609,214,165,225,655,487,268
Three Rivers,947,1007,970,2790,1789,1200,119,125,148,559,337,197
Watford,1605,1706,1688,4301,3125,2075,208,238,236,673,523,289
Welwyn Hatfield,1623,1603,1574,3818,2925,1813,226,239,250,762,500,283
Breckland,1719,1718,1648,3637,2486,1726,257,247,268,677,464,277
Broadland,1069,1073,1139,3156,1907,1320,160,152,186,653,356,203
Great Yarmouth,2779,2860,2542,4679,3222,2024,499,512,463,904,581,370
King's Lynn and West Norfolk,1882,1869,1987,4506,3026,2066,295,306,338,929,623,378
North Norfolk,1083,995,974,2720,1740,1317,166,149,133,444,257,186
Norwich,3071,2974,3262,6724,5034,3322,513,472,590,1334,909,603
South Norfolk,1253,1226,1303,3399,2270,1547,166,179,196,602,343,206
Babergh,924,1027,1031,2659,1852,1219,123,172,182,505,277,161
East Suffolk,3534,3621,3587,7447,4971,3309,630,626,647,1484,939,584
Ipswich,2975,3065,3222,6490,5298,3594,378,471,529,1149,876,532
Mid Suffolk,889,873,947,2355,1550,1122,112,115,151,462,265,208
West Suffolk,2017,2013,2021,4786,3339,2139,319,278,317,871,569,304
Camden,4952,4757,5014,11283,9554,6699,425,385,583,1681,1371,911
City of London,94,77,77,258,202,248,5,5,6,32,30,30
Hackney,8917,8620,8925,19542,16096,11177,980,918,1152,2812,2130,1325
Hammersmith and Fulham,4740,4912,4884,10475,8735,5901,476,525,534,1479,1068,696
Haringey,8094,7303,7707,19933,17755,12013,842,700,881,2785,2358,1391
Islington,6023,5992,6360,13435,11318,7904,643,705,772,1995,1610,1159
Kensington and Chelsea,2920,2827,2764,6390,5289,3544,251,216,264,781,575,363
Lambeth,9106,8905,9261,21054,18049,12030,919,994,1155,3082,2499,1533
Lewisham,8551,8191,8879,20231,17151,11960,948,907,1184,3228,2615,1713
Newham,9333,9169,9456,25474,24138,15008,976,886,1096,3949,3327,2010
Southwark,8536,8507,8759,19662,16202,10943,900,919,1113,2845,2182,1350
Tower Hamlets,9371,9106,9230,20979,18688,12298,1179,1172,1293,3369,2818,1734
Wandsworth,5695,5432,5669,14390,11528,7944,505,529,592,1982,1482,874
Westminster,4471,4406,4614,10251,9064,6233,374,316,444,1335,1158,685
Barking and Dagenham,6202,5928,6323,14715,12530,8554,783,725,854,2493,1907,1247
Barnet,7290,6926,7402,19138,15545,10598,579,595,743,2744,1896,1080
Bexley,3816,3402,3685,9414,7128,4669,517,398,532,1716,1247,716
Brent,9085,8467,9009,22804,20236,13570,867,753,1027,3115,2653,1693
Bromley,4061,4021,4344,11724,8815,5800,472,460,590,2020,1431,823
Croydon,10313,10294,10934,23020,19126,13450,1571,1582,1827,4085,3226,2223
Ealing,8793,8616,9101,21786,19105,12776,754,794,997,3030,2306,1445
Enfield,8714,8368,8857,19730,17777,12256,981,983,1236,3126,2613,1657
Greenwich,7072,6628,7048,16467,13943,9518,908,736,994,2771,2195,1372
Harrow,4083,3919,4222,11544,9518,6108,380,360,469,1729,1260,750
Havering,4463,4193,4504,10960,8257,5765,560,514,650,2043,1376,803
Hillingdon,5214,4908,5367,14257,11903,7703,522,484,664,2352,1791,1085
Hounslow,6115,6198,6774,16086,13875,8936,679,702,834,2369,1835,1111
Kingston upon Thames,2249,2161,2397,6293,4700,2836,219,207,317,999,594,334
Merton,3841,3799,3921,10137,7798,5409,415,435,507,1484,1070,678
Redbridge,5520,5253,5888,16378,14325,9048,521,468,758,2497,1990,1277
Richmond upon Thames,2350,2261,2359,6089,4441,2815,216,200,272,946,520,295
Sutton,3130,3142,3163,7532,5487,3589,439,445,443,1166,829,546
Waltham Forest,7120,6885,7281,18730,15815,10096,781,689,906,2647,2161,1448
Bracknell Forest,1177,1038,1191,3535,2410,1375,150,112,175,619,399,199
Brighton and Hove,4833,5102,5382,14241,10660,7228,641,766,838,2786,1875,1108
Buckinghamshire,5557,5600,5817,16139,12090,8651,582,562,658,2737,1732,1004
Isle of Wight,2315,2163,2240,5403,3509,2456,375,309,346,1013,546,332
Medway,5600,5257,5936,12711,9895,6511,915,833,1131,2550,1855,1064
Milton Keynes,4608,4352,4620,11268,8974,6042,524,476,584,1928,1324,807
Portsmouth,3855,3882,4201,10511,7896,5799,470,504,655,1891,1313,921
Reading,3146,3047,3180,7252,5710,4008,305,292,355,1234,938,558
Slough,2950,2756,3042,8048,6458,4514,268,232,344,1146,891,532
Southampton,4558,4967,5343,11982,9161,6426,670,785,933,2313,1605,1055
West Berkshire,1363,1354,1425,4045,2821,1891,130,173,210,774,489,246
Windsor and Maidenhead,1508,1326,1427,4227,2958,2013,130,93,157,689,393,265
Wokingham,1156,1100,1188,3721,2514,1529,100,123,150,705,447,233
Eastbourne,1843,2045,2157,4657,3455,2596,259,319,364,926,599,460
Hastings,2446,2730,2604,5177,3938,2898,398,462,462,984,696,483
Lewes,1307,1229,1405,3536,2553,1741,191,176,217,696,482,303
Rother,1105,1311,1356,3045,2165,1556,162,213,219,611,394,241
Wealden,1306,1300,1408,4192,2907,1952,142,154,206,825,493,280
Basingstoke and Deane,1847,1772,2076,4833,3709,2666,230,213,338,921,637,449
East Hampshire,881,864,881,3021,1947,1377,119,90,115,609,264,176
Eastleigh,1104,1148,1247,3259,2225,1548,169,158,192,644,384,245
Fareham,794,826,833,2594,1659,1150,121,100,127,573,312,193
Gosport,1087,1105,1147,2849,2238,1582,196,194,231,644,477,321
Hart,611,545,552,2007,1366,870,50,43,53,378,229,93
Havant,1912,1797,1890,4761,3353,2402,279,275,305,933,596,381
New Forest,1393,1408,1568,4383,2751,1869,195,191,226,842,412,259
Rushmoor,1346,1272,1301,3257,2595,1668,138,122,188,574,380,246
Test Valley,960,951,1050,2891,1904,1390,123,116,172,590,290,211
Winchester,897,901,973,2820,2056,1396,107,101,131,563,313,201
Ashford,2093,2182,2290,5114,3467,2345,344,377,393,1032,624,399
Canterbury,2363,2211,2541,5624,3877,2826,402,348,516,1321,799,526
Dartford,1505,1387,1584,4229,3086,2053,206,185,248,742,506,337
Dover,2438,2497,2515,4798,3454,2442,407,426,473,1030,593,383
Folkestone and Hythe,2213,2229,2409,5107,3603,2538,335,284,413,949,570,388
Gravesham,2247,2169,2433,5034,3738,2531,372,339,409,948,690,440
Maidstone,2239,2141,2297,5727,4357,2926,339,295,346,1079,753,498
Sevenoaks,1096,1017,1085,3127,2240,1395,126,103,119,565,369,204
Swale,3015,3172,3287,6272,4741,3253,573,629,679,1357,985,582
Thanet,4184,4388,4476,8832,6367,4440,731,789,786,1699,1083,737
Tonbridge and Malling,1333,1224,1329,3606,2602,1568,190,157,207,718,456,242
Tunbridge Wells,1234,1144,1174,3456,2428,1586,143,124,135,603,399,237
Cherwell,1200,1315,1350,4090,3043,1943,141,156,203,702,484,270
Oxford,2157,2097,2226,4894,3991,2607,217,242,266,865,570,422
South Oxfordshire,1078,1131,1148,3247,2284,1497,81,103,106,562,341,166
Vale of White Horse,1025,1062,1065,3019,2088,1499,116,124,138,572,314,237
West Oxfordshire,823,828,854,2688,1838,1156,112,117,115,559,307,182
Elmbridge,1062,1046,1132,3434,2403,1617,93,78,98,549,335,183
Epsom and Ewell,704,703,652,2047,1393,872,75,86,88,373,210,113
Guildford,1112,1061,1102,3319,2383,1667,132,110,146,650,400,272
Mole Valley,643,649,650,1913,1353,911,48,64,63,328,195,84
Reigate and Banstead,1283,1265,1285,3897,2844,1756,161,146,163,724,470,228
Runnymede,765,764,750,2493,1830,1267,81,91,84,433,315,193
Spelthorne,1095,1013,1045,3346,2650,1743,120,104,142,556,426,226
Surrey Heath,721,645,608,2284,1454,1061,83,70,69,435,233,157
Tandridge,755,736,777,2377,1633,1075,92,82,88,453,261,161
Waverley,869,859,851,2595,1715,1294,71,58,82,493,265,159
Woking,923,868,875,2870,1988,1410,85,87,114,450,287,184
Adur,823,792,862,2403,1633,1018,140,95,140,455,332,166
Arun,1944,1905,2044,5294,3881,2614,230,224,274,885,551,326
Chichester,1245,1264,1369,3569,2670,1893,139,147,187,614,346,207
Crawley,1762,1792,1952,5340,4389,2852,220,244,273,948,687,414
Horsham,1095,994,1123,3504,2357,1535,154,118,139,631,402,197
Mid Sussex,916,913,1022,3394,2194,1443,95,84,117,563,331,173
Worthing,1426,1407,1627,3980,2951,1889,192,187,282,772,542,339
Bath and North East Somerset,2086,2161,2150,5348,3606,1980,320,321,328,1139,564,269
"Bournemouth, Christchurch and Poole",5834,5824,6223,15596,10878,7388,705,716,853,2702,1580,1027
"Bristol, City of",8686,8141,8861,21041,15468,10292,1159,1052,1353,3884,2504,1533
Cornwall,8294,7898,8407,20858,12774,8694,1195,1094,1312,4048,2015,1208
Dorset,3515,3638,3715,9686,6389,4369,435,478,534,1756,947,630
Isles of Scilly,7,8,10,65,25,11,.,.,0,10,10,0
North Somerset,2412,2538,2590,6210,4252,2804,371,442,465,1170,737,486
Plymouth,5744,5570,5599,11078,7463,5442,1098,960,1034,2295,1410,941
South Gloucestershire,2699,2535,2608,7264,4833,3028,446,359,459,1526,819,464
Swindon,3512,3439,3551,8471,6170,4136,610,528,598,1550,1051,653
Torbay,2432,2393,2456,5999,3614,2362,392,362,411,1073,449,298
Wiltshire,4775,5135,5161,12734,8806,5837,731,856,827,2540,1505,880
East Devon,1320,1215,1336,3742,2269,1443,144,117,165,688,297,152
Exeter,1498,1384,1498,3894,2685,1663,193,188,229,756,491,257
Mid Devon,874,767,877,2124,1369,898,125,97,157,405,207,101
North Devon,1060,1006,1093,3286,1868,1254,161,142,195,668,302,171
South Hams,756,728,734,2480,1367,958,83,65,76,453,168,105
Teignbridge,1323,1349,1347,3941,2415,1495,191,167,189,784,379,170
Torridge,876,834,889,2190,1344,839,141,136,156,422,207,124
West Devon,545,539,537,1444,905,594,66,56,70,279,131,69
Cheltenham,1343,1415,1490,3927,2645,1706,205,231,257,743,487,268
Cotswold,718,744,769,2232,1398,862,104,100,102,411,201,93
Forest of Dean,1089,1133,1167,2575,1633,1136,182,180,196,513,278,144
Gloucester,2141,2148,2269,5112,3624,2404,318,307,420,996,688,435
Stroud,1080,1058,1063,3042,1833,1070,154,147,152,557,319,150
Tewkesbury,874,883,939,2445,1543,984,128,119,143,441,261,139
Mendip,1472,1700,1557,3863,2606,1802,225,247,228,683,382,220
Sedgemoor,1963,2013,1891,4112,2574,1759,391,361,331,753,430,275
Somerset West and Taunton,1941,1944,1859,4422,2757,1790,328,333,333,829,456,304
South Somerset,1744,1965,1870,4587,3035,1939,246,312,290,889,450,281
Isle of Anglesey,1465,1291,1263,2720,1823,1234,227,204,193,504,300,169
Gwynedd,1951,1817,1812,4433,2610,1873,333,277,309,954,462,286
Conwy,1986,1903,2264,4788,3120,2139,338,259,366,922,528,371
Denbighshire,1660,1688,1855,3877,2660,1787,293,282,357,848,510,310
Flintshire,2426,2494,2632,5282,3696,2484,376,416,500,1038,649,386
Wrexham,2339,2554,2598,5177,3690,2410,376,449,461,995,646,432
Powys,1466,1350,1409,3717,2389,1621,224,180,220,691,391,251
Ceredigion,980,888,903,2188,1434,1113,158,143,137,488,261,165
Pembrokeshire,2372,2262,2278,4793,2940,2086,431,361,416,1014,492,335
Carmarthenshire,3503,3448,3411,6572,4413,3075,617,540,600,1354,852,488
Swansea,5541,5700,5688,9567,6922,4962,1037,995,1024,1977,1273,818
Neath Port Talbot,3158,3064,3044,5520,3497,2433,641,619,655,1207,694,491
Bridgend,2994,2768,2655,5468,3576,2522,531,491,547,1170,694,497
Vale of Glamorgan,2154,1862,2008,4580,3220,2258,423,337,432,1051,634,431
Cardiff,8864,8398,8538,16977,12837,9106,1320,1209,1372,3307,2214,1525
Rhondda Cynon Taf,5540,5151,5147,10288,6460,4247,1110,960,1052,2408,1459,857
Merthyr Tydfil,1621,1394,1459,2782,1947,1298,341,244,288,636,368,271
Caerphilly,4812,4267,4028,7464,5271,3572,992,810,835,1678,1133,776
Blaenau Gwent,2189,1883,1802,3180,2264,1517,463,310,329,688,475,320
Torfaen,2068,2180,2043,3859,2688,1955,457,494,488,919,591,398
Monmouthshire,1097,1036,979,2422,1605,1198,193,154,166,519,314,234
Newport,3983,4040,4085,7520,6022,4238,738,765,772,1548,1115,702
Aberdeen City,4874,4279,4170,9146,7063,4908,747,667,760,1711,1238,792
Aberdeenshire,3495,3093,2965,6628,4602,2740,591,528,593,1277,936,525
Angus,2337,2287,2209,3959,2826,1804,496,494,470,862,592,371
Argyll and Bute,1401,1343,1405,3181,1974,1272,206,183,212,608,328,189
City of Edinburgh,7624,7236,7201,19099,13621,8234,1001,889,1004,3165,1986,1065
Clackmannanshire,1444,1382,1340,2266,1513,1088,307,303,328,538,332,223
Dumfries and Galloway,2608,2451,2806,5045,3379,2236,450,425,496,1009,545,360
Dundee City,4660,4739,4523,7446,5835,3974,1045,984,973,1686,1229,819
East Ayrshire,3636,3820,3704,6230,4524,2915,726,761,769,1323,881,572
East Dunbartonshire,1302,1233,1188,2944,1799,1141,242,223,241,619,320,191
East Lothian,1686,1717,1593,3616,2447,1367,304,308,280,729,457,240
East Renfrewshire,1052,1057,1021,2424,1452,893,204,185,187,541,262,141
Falkirk,3441,3458,3221,6323,4313,2811,667,678,666,1277,876,568
Fife,9106,9399,8851,15966,11663,7669,1867,1950,1814,3401,2302,1430
Glasgow City,20148,19633,20300,38319,28533,19607,3245,2850,3329,6880,4689,3048
Highland,3539,3406,3119,8020,4632,2979,573,602,537,1566,764,468
Inverclyde,2327,2311,2097,3198,2356,1655,443,511,486,700,462,328
Midlothian,1451,1482,1373,3104,2126,1188,275,291,289,667,419,231
Moray,1564,1573,1561,3035,2123,1272,309,344,322,628,398,224
Na h-Eileanan Siar,415,356,340,872,482,317,55,44,36,141,67,37
North Ayrshire,4552,4598,4555,7202,4853,3426,918,940,937,1585,962,693
North Lanarkshire,8890,8695,8113,15626,10417,6929,1646,1622,1588,3288,1979,1303
Orkney Islands,204,176,172,393,242,193,33,26,30,77,42,39
Perth and Kinross,1837,1726,1822,4622,3123,2028,351,307,351,946,572,312
Renfrewshire,4242,4185,3956,7594,4983,3369,720,652,749,1521,907,656
Scottish Borders,1820,1862,1881,3911,2771,1907,340,382,371,855,544,318
Shetland Islands,198,216,207,515,286,231,32,45,39,111,57,53
South Ayrshire,2593,2647,2724,5012,3410,2279,511,501,546,1054,612,411
South Lanarkshire,6515,6741,6536,13410,9106,5785,1252,1287,1279,2656,1655,1010
Stirling,1405,1535,1433,3106,1854,1289,286,318,284,661,365,258
West Dunbartonshire,2757,2744,2730,4828,3219,2131,494,416,489,935,626,422
West Lothian,3343,3178,3352,7072,4722,3034,678,595,682,1526,973,592
Antrim and Newtownabbey,2546,2359,2096,4170,3075,2107,469,434,362,941,610,348
Ards and North Down,3189,3029,2658,4959,3791,2653,562,521,416,1035,726,492
"Armagh City, Banbridge and Craigavon",3938,3352,3112,6689,4843,3449,661,545,511,1384,800,501
Belfast,9902,8827,7649,15048,12159,8705,1813,1496,1305,3093,2235,1344
Causeway Coast and Glens,3697,3168,2714,5212,3588,2681,656,538,455,1200,672,447
Derry City and Strabane,6158,5343,4717,7405,5788,4466,1247,1074,851,1717,1171,806
Fermanagh and Omagh,2417,2072,1887,3381,2385,1735,405,299,301,711,404,243
Lisburn and Castlereagh,1958,1842,1682,3642,2669,1854,351,294,241,795,466,246
Mid and East Antrim,2770,2702,2391,4250,3496,2512,535,444,429,871,626,397
Mid Ulster,2422,2238,1957,4486,3125,2158,376,320,305,916,518,320
"Newry, Mourne and Down",3916,3424,2995,6750,4665,3300,686,511,492,1503,792,457